/*
  @author edgar.benedetto@unah.hn N.Cuenta 20171033802
  @date 06/04/2021
  @decription Proyecto BD II Sección 1400 I PAC 2021 
  @name_file BD_MAINTENANCE_PROYECT.sql
  @version 1.0
  
    1. Creacipon de las tablas ORDER, ORDER_ITEMS, EMPLOYEE, MATERIAL, EQUIPMENT, MAINTENANCE
*/

USE [BD_MAINTENANCES_PROYECT]
GO
--------------------------------------------------------
--  DDL para la tabla MATERIAL
--------------------------------------------------------

SET ANSI_NULLS ON
GO
SET QUOTED_IDENTIFIER ON
GO

CREATE TABLE [dbo].[Materials](
	[MaterialID] [int] NOT NULL,
	[MaterialCod] [int] IDENTITY(8,2) NOT NULL,
	[MeasurementUnit] [char] (3) NOT NULL,
	[Amount] [int] NOT NULL,
 CONSTRAINT [PK_Material] PRIMARY KEY CLUSTERED 
(
	[MaterialID] ASC
)WITH (PAD_INDEX = OFF, STATISTICS_NORECOMPUTE = OFF, IGNORE_DUP_KEY = OFF, ALLOW_ROW_LOCKS = ON, ALLOW_PAGE_LOCKS = ON) ON [PRIMARY]
) ON [PRIMARY]
GO

--------------------------------------------------------
--  DDL para la tabla EQUIPMENT
--------------------------------------------------------

SET ANSI_NULLS ON
GO
SET QUOTED_IDENTIFIER ON
GO

CREATE TABLE [dbo].[Equipments](
	[EquipmentID] [int] NOT NULL,
	[EquipmentCod] [char] (7) NOT NULL,
	[Name] [varchar] (100) NOT NULL,
	[Price] [float]  NOT NULL,
	[Category] [varchar] (100) NOT NULL,
	[OperationalDate] [date] NOT NULL,
	[MaterialID] [int] NOT NULL,
 CONSTRAINT [PK_Equipment] PRIMARY KEY CLUSTERED 
(
	[EquipmentID] ASC
)WITH (PAD_INDEX = OFF, STATISTICS_NORECOMPUTE = OFF, IGNORE_DUP_KEY = OFF, ALLOW_ROW_LOCKS = ON, ALLOW_PAGE_LOCKS = ON) ON [PRIMARY]
) ON [PRIMARY]
GO

--------------------------------------------------------
--  DDL para la tabla EMPLOYEE
--------------------------------------------------------

SET ANSI_NULLS ON
GO
SET QUOTED_IDENTIFIER ON
GO

CREATE TABLE [dbo].[Employees](
	[EmployeeID] [int] NOT NULL,
	[FirstName] [varchar] (20) NOT NULL,
	[LastName] [varchar] (25) NOT NULL,
	[Phoneint] [char] (9) DEFAULT '9999-9999' NOT NULL,
	[HireDate] [date] NOT NULL,
	[Position] [varchar] (35) NOT NULL,
	[Salary] [float] NOT NULL,
	[ManagerID] [int] NOT NULL,
 CONSTRAINT [PK_Employee] PRIMARY KEY CLUSTERED 
(
	[EmployeeID] ASC
)WITH (PAD_INDEX = OFF, STATISTICS_NORECOMPUTE = OFF, IGNORE_DUP_KEY = OFF, ALLOW_ROW_LOCKS = ON, ALLOW_PAGE_LOCKS = ON) ON [PRIMARY]
) ON [PRIMARY]
GO

--------------------------------------------------------
--  DDL para la tabla MAINTENANCE
--------------------------------------------------------

SET ANSI_NULLS ON
GO
SET QUOTED_IDENTIFIER ON
GO

CREATE TABLE [dbo].[Maintenances](
	[MaintenanceID] [int] NOT NULL,
	[MaintenanceType] [varchar] (20) NOT NULL,
	[Account] [varchar] (20) NOT NULL,
	[WorkedHours] [float] NOT NULL,
	[StartDate] [date] NOT NULL,
	[EndDate] [date] NOT NULL,
	[EmployeeID] [int] NOT NULL,
	[EquipmentID] [int] NOT NULL,
 CONSTRAINT [PK_Maintenance] PRIMARY KEY CLUSTERED 
(
	[MaintenanceID] ASC
)WITH (PAD_INDEX = OFF, STATISTICS_NORECOMPUTE = OFF, IGNORE_DUP_KEY = OFF, ALLOW_ROW_LOCKS = ON, ALLOW_PAGE_LOCKS = ON) ON [PRIMARY]
) ON [PRIMARY]
GO

--------------------------------------------------------
--  DDL para la tabla ORDER
--------------------------------------------------------

SET ANSI_NULLS ON
GO
SET QUOTED_IDENTIFIER ON
GO

CREATE TABLE [dbo].[Orders](
	[OrderID] [int] NOT NULL,
	[OrderCod] [char] (9) NOT NULL,
	[TransactionType] [varchar] (20) NOT NULL,
	[OrderDesc] [varchar] (500) NOT NULL,
	[OrderClass] [char] (5) NOT NULL,
	[CostClass] [varchar] (100) NOT NULL,
	[AccountDate] [date] NOT NULL,
	[EmployeeID] [int] NOT NULL,
	[MaintenanceID] [int] NOT NULL,
 CONSTRAINT [PK_Order] PRIMARY KEY CLUSTERED 
(
	[OrderID] ASC
)WITH (PAD_INDEX = OFF, STATISTICS_NORECOMPUTE = OFF, IGNORE_DUP_KEY = OFF, ALLOW_ROW_LOCKS = ON, ALLOW_PAGE_LOCKS = ON) ON [PRIMARY]
) ON [PRIMARY]
GO

--------------------------------------------------------
--  DDL para la tabla ORDER ITEMS
--------------------------------------------------------

SET ANSI_NULLS ON
GO
SET QUOTED_IDENTIFIER ON
GO

CREATE TABLE [dbo].[OrderItems](
	[OrderItemID] [int] NOT NULL,
	[AmountLemp] [float] NOT NULL,
	[AmountDoll] [float] NOT NULL,
	[AmountAdd] [int] NOT NULL,
	[EquipmentID] [int] NOT NULL,
	[MaterialID] [int] NOT NULL,
	[OrderID] [int] NOT NULL,
 CONSTRAINT [PK_OrderItem] PRIMARY KEY CLUSTERED 
(
	[OrderItemID] ASC
)WITH (PAD_INDEX = OFF, STATISTICS_NORECOMPUTE = OFF, IGNORE_DUP_KEY = OFF, ALLOW_ROW_LOCKS = ON, ALLOW_PAGE_LOCKS = ON) ON [PRIMARY]
) ON [PRIMARY]
GO
ALTER TABLE [dbo].[Equipments]  WITH CHECK ADD FOREIGN KEY([MaterialID])
REFERENCES [dbo].[Materials] ([MaterialID])
GO
ALTER TABLE [dbo].[Maintenances]  WITH CHECK ADD FOREIGN KEY([EmployeeID])
REFERENCES [dbo].[Employees] ([EmployeeID])
GO
ALTER TABLE [dbo].[Maintenances]  WITH CHECK ADD FOREIGN KEY([EquipmentID])
REFERENCES [dbo].[Equipments] ([EquipmentID])
GO
ALTER TABLE [dbo].[Orders]  WITH CHECK ADD FOREIGN KEY([EmployeeID])
REFERENCES [dbo].[Employees] ([EmployeeID])
GO
ALTER TABLE [dbo].[Orders]  WITH CHECK ADD FOREIGN KEY([MaintenanceID])
REFERENCES [dbo].[Maintenances] ([MaintenanceID])
GO
ALTER TABLE [dbo].[OrderItems]  WITH CHECK ADD FOREIGN KEY([EquipmentID])
REFERENCES [dbo].[Equipments] ([EquipmentID])
GO
ALTER TABLE [dbo].[OrderItems]  WITH CHECK ADD FOREIGN KEY([MaterialID])
REFERENCES [dbo].[Materials] ([MaterialID])
GO
ALTER TABLE [dbo].[OrderItems]  WITH CHECK ADD FOREIGN KEY([OrderID])
REFERENCES [dbo].[Orders] ([OrderID])
GO

--------------------------------------------------------
--  DML Llenado de tablas con 20-50 registros cada una
--------------------------------------------------------
--- Materials
SET IDENTITY_INSERT Materials ON

INSERT INTO Materials(
	MaterialID,
	MaterialCod,
	MeasurementUnit,
	Amount
) 
VALUES (1, 19057026, 'UN', 10),
	(2, 19125413, 'UN', 7),
	(3, 19122308, 'UN', 11),   
    (4, 19033935, 'UN', 5),
    (5, 19108373, 'UN', 8),
    (6, 19125413, 'UN', 7),
    (7, 19031550, 'UN', 2),
    (8, 19028536, 'UN', 9),
    (9, 19038803, 'UN', 3),
    (10, 19028825, 'UN', 12),
    (11, 19108374, 'UN', 18),
    (12, 19035753, 'UN', 8),
    (13, 19055132, 'UN', 6),
    (14, 19103984, 'UN', 11),
    (15, 19112112, 'UN', 15),
    (16, 19127041, 'UN', 7),
    (17, 19112000, 'UN', 13),
    (18, 19106307, 'UN', 5),
    (19, 19127187, 'GLN', 18),
    (20, 19051976, 'TF', 22),
    (21, 19127187, 'GLN', 16),
    (22, 19127167, 'UN', 17),
    (23, 19111228, 'UN', 10),
    (24, 19111256, 'UN', 16),
    (25, 22006318, 'TF', 25),
    (26, 22004801, 'UN', 7),
    (27, 19127187, 'GLN', 19),
    (28, 19037786, 'UN', 15),
    (29, 22001787, 'GLN', 22),
    (30, 22005276, 'LB', 37),
    (31, 22002626, 'GLN', 20),
    (32, 22002602, 'UN', 16),
    (33, 22001787, 'GLN', 29),
    (34, 19031776, 'LB', 10),
    (35, 19057026, 'UN', 10),
    (36, 19057026, 'UN', 10),
    (37, 19125413, 'UN', 7),
    (38, 19031776, 'LB', 13),
    (39, 22001787, 'GLN', 32),
    (40, 19027144, 'TF', 18),
    (41, 19028413, 'UN', 21),
    (42, 19062953, 'M', 13),
    (43, 19062989, 'M', 18),
    (44, 19031776, 'LB', 25),
    (45, 22004979, 'TF', 31),
    (46, 22006290, 'TF', 18),
    (47, 22001787, 'GLN', 20),
    (48, 19127187, 'GLN', 19),
    (49, 22006311, 'LB', 28),
    (50, 19030270, 'TF', 15)
SET IDENTITY_INSERT Materials ON;



--- Equipments
INSERT INTO Equipments VALUES(1, 'PPS-547', 'EMBUTIDORA VEMAG', 33999.90, 'EMBUTIDORA', '23-JAN-2020',2);
INSERT INTO Equipments VALUES(2, 'PPS-536', 'EMULSIFICADORA KS F200', 254355.50, 'EMULSIFICADORA', '11-DEC-2019', 1);
INSERT INTO Equipments VALUES(3, 'PPS-553', 'UNIDAD CONDENSADORA A/C EMBUTIDOS RUSSEEL', 120500.50, 'CONDENSADORA', '08-JUN-2019',18);
INSERT INTO Equipments VALUES(4, 'PPS-546', 'CORTADORA DE SALCHICHA', 24400.99, 'CORTADORA', '15-JUL-2020',25);
INSERT INTO Equipments VALUES(5, 'PPS-538', 'CLIPIADORA DE PORCIONES', 54999.99, 'CLIPIADORA', '05-JAN-2021',17);
INSERT INTO Equipments VALUES(6, 'PPS-541', 'CAMARA DE COCCION PARA EMBUTIDOS', 40599.99, 'CAMARA DE COCCION', '28-SEP-2019',33);
INSERT INTO Equipments VALUES(7, 'PPS-551', 'TERMOFORMADORA', 125999.65, 'TERMOFORMADORA', '07-MAR-2021',29);
INSERT INTO Equipments VALUES(8, 'PPS-535', 'MEZCLADORA', 58455.50, 'MEZCLADORA', '11-FEB-2020',26);
INSERT INTO Equipments VALUES(9, 'PPS-533', 'CORTADORA DE SIERRA', 74999.99, 'CORTADORA', '02-JUN-2020',48);
INSERT INTO Equipments VALUES(10, 'PPS-534', 'MOLINO PARA CARNE AD 114', 33999.45, 'MOLINO', '14-NOV-2019',22);
INSERT INTO Equipments VALUES(11, 'PPS-540', 'HORNO DE DOS CARROS', 144599.99, 'HORNO', '13-MAY-2018',36);
INSERT INTO Equipments VALUES(12, 'PPS-549', 'COMPRESOR MYCOM CAMARA # 6', 175999.99, 'COMPRESOR', '12-JAN-2018',41);
INSERT INTO Equipments VALUES(13, 'PPS-539', 'COMPRESOR MYCOM CAMARA # 5', 255999.99, 'COMPRESOR', '11-DEC-2017',41);
INSERT INTO Equipments VALUES(14, 'PPS-529', 'COMPRESOR MYCOM CAMARA # 4', 55999.90, 'COMPRESOR', '28-NOV-2017',41);
INSERT INTO Equipments VALUES(15, 'PPS-532', 'MOLINO PARA CARNE AD 113', 2299.45, 'MOLINO', '17-MAR-2019',50);
INSERT INTO Equipments VALUES(16, 'PPS-552', 'CORTADORA DE POLLOS', 255999.99, 'CORTADORA', '15-AUG-2020',25);
INSERT INTO Equipments VALUES(17, 'PPS-527', 'EMULSIFICADORA KS F100', 144555.99, 'EMULSIFICADORA', '19-NOV-2018',17);
INSERT INTO Equipments VALUES(18, 'PPS-537', 'EMBUTIDORA BIMAG', 25999.90, 'EMBUTIDORA', '01-OCT-2019',5);
INSERT INTO Equipments VALUES(19, 'PPS-554', 'CORTADORA DE EMBUTIDOS', 355999.99, 'CORTADORA', '29-FEB-2020',15);
INSERT INTO Equipments VALUES(20, 'PPS-533', 'MEZCLADORA VEMAG', 25455.50, 'MEZCLADORA', '08-OCT-2020',26);

--- Employees
INSERT INTO Employees VALUES (1,'Steven','King','9829-9569','17-JUN-2010','SHIEF_MAIN_PREV',24000,1);
INSERT INTO Employees VALUES (2,'Neena','Kochhar','3321-1455','22-JAN-2011','GNRL_MAIN_PREV',18000,1);
INSERT INTO Employees VALUES (3,'Lex','De Haan','9959-1211','01-FEB-2009','LEAD_MAIN_PREV',15000,2);
INSERT INTO Employees VALUES (4,'Alexander','Muñoz','3329-9159','10-OCT-2012','SHIEF_MAIN_CORR',22000,4);
INSERT INTO Employees VALUES (5,'Bruce','Ernst','3120-2263','18-SEP-2013','GNRL_MAIN_CORR',17000,4);
INSERT INTO Employees VALUES (6,'Diana','Lorentz','8823-6346','22-MAR-2014','LEAD_MAIN_CORR',15000,5);
INSERT INTO Employees VALUES (7,'Kevin','Mourgos','9522-1685','01-MAY-2011','LEAD_MAIN_PREV',15000,2);
INSERT INTO Employees VALUES (8,'Trenna','Rajs','3212-7895','05-MAR-2011','LEAD_MAIN_PREV',14500,2);
INSERT INTO Employees VALUES (9,'Curtis','Davies','9263-0545','08-OCT-2014','LEAD_MAIN_PREV',15200,2);
INSERT INTO Employees VALUES (10,'Randall','Matos','3263-0875','19-JUL-2013','LEAD_MAIN_PREV',15100,2);
INSERT INTO Employees VALUES (11,'Peter','Vargas','9515-7450','05-AUG-2011','LEAD_MAIN_PREV',15000,2);
INSERT INTO Employees VALUES (12,'Eleni','Zlotkey','9955-9635','08-NOV-2010','AGNT_MAIN_PREV',13200,8);
INSERT INTO Employees VALUES (13,'Ellen','Abel','9923-0878','09-APR-2013','AGNT_MAIN_PREV',13500,8);
INSERT INTO Employees VALUES (14,'Jonathon','Taylor','9857-8505','20-SEP-2011','AGNT_MAIN_PREV',13600,9);
INSERT INTO Employees VALUES (15,'Kimberely','Grant','9861-4577','25-OCT-2012','AGNT_MAIN_PREV',13000,10);
INSERT INTO Employees VALUES (16,'Jennifer','Whalen','9953-9606','18-JUL-2014','AGNT_MAIN_PREV',13300,11);
INSERT INTO Employees VALUES (17,'Michael','Hartstein','9956-0905','27-NOV-2013','AGNT_MAIN_PREV',13700,8);
INSERT INTO Employees VALUES (18,'Pat','Fay','9653-4475','11-JUN-2011','AGNT_MAIN_PREV',13000,9);
INSERT INTO Employees VALUES (19,'Shelley','Higgins','9563-7485','29-JAN-2011','AGNT_MAIN_PREV',13100,10);
INSERT INTO Employees VALUES (20,'William','Gietz','3369-7815','22-JAN-2014','AGNT_MAIN_PREV',13000,11);
INSERT INTO Employees VALUES (21,'Kendall','Mata','9926-0780','15-JAN-2014','LEAD_MAIN_CORR',15100,5);
INSERT INTO Employees VALUES (22,'Cristopher','Nolan','3394-7780','15-AUG-2014','LEAD_MAIN_CORR',16000,5);
INSERT INTO Employees VALUES (23,'Nataly','Pietra','8855-9445','18-DEC-2014','LEAD_MAIN_CORR',15200,5);
INSERT INTO Employees VALUES (24,'Kenny','Lopez','9998-0888','19-OCT-2014','LEAD_MAIN_CORR',15500,5);
INSERT INTO Employees VALUES (25,'Josue','Bose','8847-8545','22-NOV-2014','LEAD_MAIN_CORR',15600,5);
INSERT INTO Employees VALUES (26,'Julisa','Potter','9941-5577','15-JAN-2015','AGNT_MAIN_CORR',13000,21);
INSERT INTO Employees VALUES (27,'Jessica','Whalen','9955-9446','26-JUN-2015','AGNT_MAIN_CORR',13300,22);
INSERT INTO Employees VALUES (28,'Mario','Benedetti','9888-0909','17-NOV-2015','AGNT_MAIN_CORR',13700,23);
INSERT INTO Employees VALUES (29,'Fernando','Gonzales','9643-4565','01-OCT-2015','AGNT_MAIN_CORR',13000,24);
INSERT INTO Employees VALUES (30,'Lola','Parker','9853-7494','28-NOV-2015','AGNT_MAIN_CORR',13100,25);
INSERT INTO Employees VALUES (31,'Patricio','Estrella','9959-7478','12-JUN-2014','AGNT_MAIN_CORR',13000,21);
INSERT INTO Employees VALUES (32,'Edgar','Cortes','9055-9835','18-OCT-2011','AGNT_MAIN_PREV',13200,11);
INSERT INTO Employees VALUES (33,'Paz','Ortega','9988-0678','29-APR-2012','AGNT_MAIN_PREV',13500,8);
INSERT INTO Employees VALUES (34,'Kelly','Ponce','9997-9905','10-FEB-2012','AGNT_MAIN_PREV',13600,9);
INSERT INTO Employees VALUES (35,'Key','Lazo','9896-8877','22-MAY-2012','AGNT_MAIN_PREV',13000,10);
INSERT INTO Employees VALUES (36,'Martha','Perez','9988-9609','17-NOV-2011','AGNT_MAIN_PREV',13300,11);
INSERT INTO Employees VALUES (37,'Michael','Payman','9808-0665','12-FEB-2012','AGNT_MAIN_PREV',13700,8);
INSERT INTO Employees VALUES (38,'Lana','Del Rey','9888-8899','02-MAR-2011','AGNT_MAIN_PREV',13000,10);
INSERT INTO Employees VALUES (39,'Moises','Feyman','9972-9699','07-JUL-2015','AGNT_MAIN_PREV',13300,11);
INSERT INTO Employees VALUES (40,'Taylor','Conrrall','3308-0865','13-AUG-2012','AGNT_MAIN_PREV',13700,8);

--- Maintenances 
INSERT INTO Maintenances VALUES(1, 'PREVENTIVO','MAQUINARIA', 5.5, '01-JAN-2019', '07-JAN-2019', 12, 2 );
INSERT INTO Maintenances VALUES(2, 'PREVENTIVO','MAQUINARIA', 17.2, '05-FEB-2019', '12-FEB-2019', 13, 4 );
INSERT INTO Maintenances VALUES(3, 'PREVENTIVO','INSTALACIONES', 22.8, '13-NOV-2018', '17-NOV-2018', 14, 8 );
INSERT INTO Maintenances VALUES(4, 'PREVENTIVO','MAQUINARIA', 24.5, '17-OCT-2018', '29-OCT-2018', 16, 11 );
INSERT INTO Maintenances VALUES(5, 'PREVENTIVO','MAQUINARIA', 32.2, '06-DEC-2018', '12-DEC-2018', 17, 9 );
INSERT INTO Maintenances VALUES(6, 'PREVENTIVO','INSTALACIONES', 15.9, '02-JAN-2019', '06-JAN-2019', 18, 7 );
INSERT INTO Maintenances VALUES(7, 'PREVENTIVO','INSTALACIONES', 35.8, '18-OCT-2019', '25-OCT-2019', 19, 5 );
INSERT INTO Maintenances VALUES(8, 'PREVENTIVO','MAQUINARIA', 25.5, '22-MAR-2019', '29-MAR-2019', 20, 16 );
INSERT INTO Maintenances VALUES(9, 'PREVENTIVO','INSTALACIONES', 19.3, '02-FEB-2019', '07-FEB-2019', 32, 18 );
INSERT INTO Maintenances VALUES(10, 'PREVENTIVO','INSTALACIONES', 8.7, '22-SEP-2017', '24-SEP-2017', 34, 19 );
INSERT INTO Maintenances VALUES(11, 'PREVENTIVO','MAQUINARIA', 14.4, '14-MAY-2017', '17-MAY-2017', 33, 6 );
INSERT INTO Maintenances VALUES(12, 'PREVENTIVO','MAQUINARIA', 21.9, '12-APR-2018', '18-APR-2018', 35, 17 );
INSERT INTO Maintenances VALUES(13, 'PREVENTIVO','MAQUINARIA', 26.9, '22-JUN-2019', '26-JUN-2019', 36, 15);
INSERT INTO Maintenances VALUES(14, 'PREVENTIVO','INSTALACIONES',9.7, '05-JUL-2018', '07-JUL-2018', 38, 3 );
INSERT INTO Maintenances VALUES(15, 'PREVENTIVO','INSTALACIONES', 23.2, '22-NOV-2017', '26-NOV-2017', 37, 6 );
INSERT INTO Maintenances VALUES(16, 'PREVENTIVO','MAQUINARIA', 32.1, '18-JAN-2017', '23-JAN-2017', 39, 7 );
INSERT INTO Maintenances VALUES(17, 'PREVENTIVO','MAQUINARIA', 18.5, '11-AUG-2017', '13-AUG-2017', 40, 12 );
INSERT INTO Maintenances VALUES(18, 'PREVENTIVO','INSTALACIONES', 38.7, '19-JUL-2018', '26-JUL-2018', 16, 1 );
INSERT INTO Maintenances VALUES(19, 'PREVENTIVO','MAQUINARIA', 15.9, '06-MAY-2018', '09-MAY-2018', 19, 10 );
INSERT INTO Maintenances VALUES(20, 'PREVENTIVO','INSTALACIONES',23.2, '07-SEP-2019', '14-SEP-2019', 32, 11 );
INSERT INTO Maintenances VALUES(21, 'PREVENTIVO','MAQUINARIA', 24.3, '15-FEB-2018', '19-FEB-2018', 38, 14 );
INSERT INTO Maintenances VALUES(22, 'PREVENTIVO','MAQUINARIA', 33.5, '29-MAR-2019', '04-APR-2019', 39, 13 );
INSERT INTO Maintenances VALUES(23, 'PREVENTIVO','MAQUINARIA', 18.5, '15-JUL-2017', '18-JUL-2017', 18, 8 );
INSERT INTO Maintenances VALUES(24, 'PREVENTIVO','MAQUINARIA', 27.9, '19-MAR-2017', '25-MAR-2017', 15, 20 );
INSERT INTO Maintenances VALUES(25, 'PREVENTIVO','INSTALACIONES',3.4, '02-JAN-2018', '02-JAN-2018', 33, 16 );
INSERT INTO Maintenances VALUES(26, 'PREVENTIVO','INSTALACIONES', 7.6, '16-AUG-2018', '17-AUG-2018', 35, 17 );
INSERT INTO Maintenances VALUES(27, 'PREVENTIVO','MAQUINARIA',9.5, '12-DEC-2019', '13-DEC-2019', 39, 5 );
INSERT INTO Maintenances VALUES(28, 'PREVENTIVO','MAQUINARIA',11.6, '07-NOV-2019', '09-NOV-2019', 15, 15 );
INSERT INTO Maintenances VALUES(29, 'PREVENTIVO','MAQUINARIA', 5.7, '03-FEB-2019', '03-FEB-2019', 19, 4 );
INSERT INTO Maintenances VALUES(30, 'PREVENTIVO','MAQUINARIA', 17.5, '22-APR-2017', '25-APR-2017', 17, 9 );
INSERT INTO Maintenances VALUES(31, 'CORRECTIVO','MAQUINARIA', 3.5, '02-FEB-2017', '02-FEB-2017', 26, 7 );
INSERT INTO Maintenances VALUES(32, 'CORRECTIVO','MAQUINARIA', 4.1, '16-MAY-2018', '16-MAY-2018', 27, 9 );
INSERT INTO Maintenances VALUES(33, 'CORRECTIVO','MAQUINARIA', 5.5, '11-SEP-2019', '11-SEP-2019', 28, 2 );
INSERT INTO Maintenances VALUES(34, 'CORRECTIVO','MAQUINARIA', 3.3, '27-OCT-2018', '27-OCT-2018', 29, 12 );
INSERT INTO Maintenances VALUES(35, 'CORRECTIVO','MAQUINARIA', 5.5, '22-JUL-2017', '22-JUL-2017', 30, 15 );
INSERT INTO Maintenances VALUES(36, 'CORRECTIVO','MAQUINARIA', 4.2, '01-AUG-2018', '01-AUG-2018', 31, 19 );
INSERT INTO Maintenances VALUES(37, 'CORRECTIVO','MAQUINARIA', 2.7, '17-DEC-2017', '17-DEC-2017', 27, 13 );
INSERT INTO Maintenances VALUES(38, 'CORRECTIVO','MAQUINARIA', 5.9, '22-JAN-2019', '22-JAN-2019', 29, 17 );
INSERT INTO Maintenances VALUES(39, 'CORRECTIVO','MAQUINARIA', 5.5, '28-OCT-2018', '28-OCT-2018', 30, 3 );
INSERT INTO Maintenances VALUES(40, 'CORRECTIVO','INSTALACIONES', 1.9, '15-NOV-2017', '15-NOV-2017', 26, 6 );
INSERT INTO Maintenances VALUES(41, 'CORRECTIVO','MAQUINARIA', 4.7, '12-JUN-2019', '12-JUN-2019', 30, 8 );
INSERT INTO Maintenances VALUES(42, 'CORRECTIVO','MAQUINARIA', 7.1, '03-MAR-2018', '03-MAR-2018', 31, 18 );
INSERT INTO Maintenances VALUES(43, 'CORRECTIVO','MAQUINARIA', 3.8, '28-JAN-2017', '28-JAN-2017', 28, 11 );
INSERT INTO Maintenances VALUES(44, 'CORRECTIVO','MAQUINARIA', 2.1, '11-FEB-2019', '11-FEB-2019', 26, 10 );
INSERT INTO Maintenances VALUES(45, 'CORRECTIVO','MAQUINARIA', 7.4, '06-DEC-2018', '06-DEC-2018', 30, 20 );
INSERT INTO Maintenances VALUES(46, 'PREVENTIVO','MAQUINARIA', 15.5, '03-DEC-2019', '06-DEC-2019', 16, 2 );
INSERT INTO Maintenances VALUES(47, 'PREVENTIVO','MAQUINARIA', 24.8, '12-JUN-2017', '16-JUN-2017', 18, 13 );
INSERT INTO Maintenances VALUES(48, 'PREVENTIVO','INSTALACIONES', 12.9, '07-AUG-2019', '09-AUG-2019', 17, 15 );
INSERT INTO Maintenances VALUES(49, 'PREVENTIVO','MAQUINARIA', 7.5, '19-FEB-2019', '20-FEB-2019', 33, 7 );
INSERT INTO Maintenances VALUES(50, 'PREVENTIVO','MAQUINARIA', 11.4, '28-JAN-2019', '29-JAN-2019', 35, 9 );

--- Orders

INSERT INTO Orders VALUES(1, 200213079, 'DESPACHO', 'LABIO RETORSION AZUL 12MM 907100126', 'ZMP1', 'Mantenimiento de  maquinaria y equipo', '07-JAN-2019', 12, 1);
INSERT INTO Orders VALUES(2, 200213083, 'DESPACHO', 'ANILLO:FRENO;48MM;SUAVE;900002485', 'ZMP2', 'Mantenimiento de  maquinaria y equipo', '12-FEB-2019', 13, 2);
INSERT INTO Orders VALUES(3, 200213108, 'SERVICIO', 'MOTOR:VENTIL;UN EJE 1/2'';220V;1/2HP', 'ZMP3', 'Mantenimiento de  maquinaria y equipo', '17-NOV-2018', 14, 3);
INSERT INTO Orders VALUES(4, 200213088, 'DESPACHO', 'DESCONECTOR:HEMBRA Y MACHO;NYLON', 'ZMP4', 'Mantenimiento de  maquinaria y equipo', '29-OCT-2018', 12, 5);
INSERT INTO Orders VALUES(5, 200232638, 'SERVICIO', 'TUBO HN C-80 SIN COSTURA 3/4"', 'ZMP5', 'Mantenimiento de  maquinaria y equipo', '12-DEC-2018', 17, 5);
INSERT INTO Orders VALUES(6, 200236717, 'DESPACHO', 'TORNILLO 1/4X1 1/2 ACERO INOX', 'ZMP6', 'Mantenimiento y Reparacion de Vehiculos', '06-JAN-2019', 18, 6);
INSERT INTO Orders VALUES(7, 200238126, 'DESPACHO', 'ACEITE 507 ENKARATE PARA REFRIGERACION', 'ZMP1', 'Mantenimiento de  maquinaria y equipo', '25-OCT-2019', 19, 7);
INSERT INTO Orders VALUES(8, 200233509, 'DESPACHO', 'TOMACORRIENTES', 'ZMP2', 'Mantenimiento de Instalaciones','29-MAR-2019', 20, 8);
INSERT INTO Orders VALUES(9, 200239533, 'DESPACHO', 'GRASA ESPECIAL VEMAG  052008026', 'ZMP3', 'Combustibles y lubricantes', '07-FEB-2019', 32, 9);
INSERT INTO Orders VALUES(10, 200239797, 'DESPACHO', 'CELDA:CARGA;FLS 125;WBAR0804;MICROWEIGH', 'ZMP4', 'Mantenimiento de  maquinaria y equipo', '24-SEP-2017', 34, 10);
INSERT INTO Orders VALUES(11, 200240430, 'SERVICIO', 'DESCONECTOR:HEMBRA Y MACHO;NYLON', 'ZMP5', 'Mantenimiento de  maquinaria y equipo', '17-MAY-2017', 33, 11);
INSERT INTO Orders VALUES(12, 200242832, 'DESPACHO', 'SILICON PROFILE HD 0504.00060', 'ZMP6', 'Mantenimiento de  maquinaria y equipo',  '18-APR-2018', 35, 12);
INSERT INTO Orders VALUES(13, 200246526, 'DESPACHO', 'TORNILLO GOLOSO S-10', 'ZMP1', 'Mantenimiento de Instalaciones', '26-JUN-2019', 36, 13);
INSERT INTO Orders VALUES(14, 200247591, 'DESPACHO', 'ARANDELA PLANA 3/8', 'ZMP2', 'Mantenimiento de  maquinaria y equipo', '07-JUL-2018', 38, 14);
INSERT INTO Orders VALUES(15, 200247593, 'SERVICIO', 'NIPLE ACERO INOX 1/2" X 6"', 'ZMP3', 'Mantenimiento y Reparacion de Vehiculos', '26-NOV-2017', 37, 15);
INSERT INTO Orders VALUES(16, 200247382, 'DESPACHO', 'VYNIL P/CORTINAS TEMP. ALTA', 'ZMP4', 'Mantenimiento de  maquinaria y equipo', '23-JAN-2017', 39, 16);
INSERT INTO Orders VALUES(17, 200250931, 'SERVICIO', 'BELT (BANDA) 35110-320330 CORTADORA SCH', 'ZMP5', 'Mantenimiento de  maquinaria y equipo', '13-AUG-2017', 40, 17);
INSERT INTO Orders VALUES(18, 200251670, 'DESPACHO', 'DISCO DE PRECORTAR 5 TALADROS 2066611', 'ZMP6', 'Mantenimiento de  maquinaria y equipo', '26-JUL-2018', 16, 18);
INSERT INTO Orders VALUES(19, 200253094, 'SERVICIO', 'CUBIERTA:PLASTICO;011 MM;060301101', 'ZMP1', 'Mantenimiento y Reparacion de Vehiculos',  '09-MAY-2018', 19, 19);
INSERT INTO Orders VALUES(20, 200257347, 'DESPACHO', 'TEFLON ROLLO', 'ZMP2', 'Mantenimiento de Instalaciones', '14-SEP-2019', 32, 20);
INSERT INTO Orders VALUES(21, 200259682, 'DESPACHO', 'MYCOM COALESCER 9.4 X 34', 'ZMP3', 'Mantenimiento de  maquinaria y equipo', '19-FEB-2018', 38, 21);
INSERT INTO Orders VALUES(22, 200258476, 'DESPACHO', 'VALVULA 1/4 SU-04/AVX-4', 'ZMP4', 'Mantenimiento de  maquinaria y equipo', '04-APR-2019', 39, 22);
INSERT INTO Orders VALUES(23, 200259281, 'SERVICIO', 'MULTIPANEL 1 1/2"X16"X1.2MTS', 'ZMP5', 'Mantenimiento de  maquinaria y equipo', '18-JUL-2017', 18, 23);
INSERT INTO Orders VALUES(24, 200262358, 'DESPACHO', 'DIGITAL PANEL F-MIXER 44550096', 'ZMP6', 'Mantenimiento de  maquinaria y equipo', '25-MAR-2017', 15, 24);
INSERT INTO Orders VALUES(25, 200264301, 'DESPACHO', 'BALINERA 2201- 2RS (BEARING 31117-002201', 'ZMP7', 'Mantenimiento de  maquinaria y equipo', '02-JAN-2018', 33, 25);
INSERT INTO Orders VALUES(26, 200271982, 'DESPACHO', 'ADAPTADOR MACHO PVC 3', 'ZMP1', 'Mantenimiento de Instalaciones',  '17-AUG-2018', 35, 26);
INSERT INTO Orders VALUES(27, 200275441, 'DESPACHO', 'EMPAQUE CLAMP 4 PULG EPDM', 'ZMP2', 'Mantenimiento de  maquinaria y equipo', '13-DEC-2019', 39, 27);
INSERT INTO Orders VALUES(28, 200284398, 'DESPACHO', 'THINER;TRANSPARENTE;1GALON', 'ZMP3', 'Mantenimiento de  maquinaria y equipo','09-NOV-2019', 15, 28);
INSERT INTO Orders VALUES(29, 100112138, 'DESPACHO', 'RESISTENCIA:10X250;800W;230 VAC;(P)', 'ZMP4', 'Mantenimiento y Reparacion de Vehiculos', '03-FEB-2019', 19, 29);
INSERT INTO Orders VALUES(30, 200279573, 'DESPACHO', 'BROCA P/METAL DE 5/32', 'ZMP5', 'Mantenimiento de Instalaciones', '25-APR-2017', 17, 30);
INSERT INTO Orders VALUES(31, 200285228, 'DESPACHO', 'LIJA #80', 'ZMP6', 'Mantenimiento y Reparacion de Vehiculos',  '02-FEB-2017', 26, 31);
INSERT INTO Orders VALUES(32, 200296332, 'DESPACHO', 'REFRIGERANTE:FREON 22;30LB;PARA A/C', 'ZMP7', 'Mantenimiento de  maquinaria y equipo', '16-MAY-2018', 27, 32);
INSERT INTO Orders VALUES(33, 200292771, 'SERVICIO', 'PULSADOR PLANO VERDE', 'ZMP2', 'Mantenimiento de  maquinaria y equipo',  '11-SEP-2019', 28, 33);
INSERT INTO Orders VALUES(34, 200280713, 'DESPACHO', 'INTERRUPTOR:PRINCIPAL;747335;EMULSF', 'ZMP3', 'Mantenimiento de  maquinaria y equipo', '27-OCT-2018', 29, 34);
INSERT INTO Orders VALUES(35, 200300052, 'SERVICIO', 'CONJUNTO:SELLADO;SILICONA;ZFRI-014371', 'ZMP7', 'Mantenimiento de  maquinaria y equipo', '22-JUL-2017', 30, 35);
INSERT INTO Orders VALUES(36, 200292531, 'DESPACHO', 'SERVICIO TECNICO HORNOS DE COCCION AREA', 'ZMP5', 'Mantenimiento de  maquinaria y equipo', '01-AUG-2018', 31, 36);
INSERT INTO Orders VALUES(37, 200302336, 'SERVICIO', 'LIMPIADOR:D/AIRE ACOND;LIQUIDO;1GAL', 'ZMP6', 'Combustibles y lubricantes ', '17-DEC-2017', 27, 37);
INSERT INTO Orders VALUES(38, 200309168, 'DESPACHO', 'ANILLO:PLOMO;012086;EMULSIFICADOR', 'ZMP2', 'Mantenimiento de  maquinaria y equipo', '22-JAN-2019', 29, 38);
INSERT INTO Orders VALUES(39, 200311217, 'SERVICIO', 'SILENCIADOR:G1;771710080', 'ZMP5', 'Mantenimiento de Instalaciones', '28-OCT-2018', 30, 39);
INSERT INTO Orders VALUES(40, 200307085, 'DESPACHO', 'ELECTROVALVULA:24VCC;SY7100;ZFRI-003406', 'ZMP4', 'Mantenimiento de  maquinaria y equipo','15-NOV-2017', 26, 40);
INSERT INTO Orders VALUES(41, 200313349, 'DESPACHO', 'SWITCH SELECTOR', 'ZMP1', 'Mantenimiento de  maquinaria y equipo', '12-JUN-2019', 30, 41);
INSERT INTO Orders VALUES(42, 200314231, 'SERVICIO', 'PINTURA EN SPRAY COLOR GRIS CLARO', 'ZMP2', 'Mantenimiento y Reparacion de Vehiculos', '03-MAR-2018', 31, 42);
INSERT INTO Orders VALUES(43, 200309118, 'DESPACHO', 'ANILLO ARRASTRE DE TRIPA CPL.10MM 202670', 'ZMP3', 'Mantenimiento de  maquinaria y equipo', '28-JAN-2017', 28, 43);
INSERT INTO Orders VALUES(44, 200314630, 'DESPACHO', 'MOTOR BALDOR 7.5HP FRAME 213T 1760 RPM', 'ZMP5', 'Mantenimiento de  maquinaria y equipo', '11-FEB-2019', 26, 44);
INSERT INTO Orders VALUES(45, 200312981, 'SERVICIO', 'REFRIGERANTE R 507 DE 25 LBS', 'ZMP6', 'Mantenimiento de  maquinaria y equipo', '06-DEC-2018', 30, 45);
INSERT INTO Orders VALUES(46, 200314231, 'DESPACHO', 'COJINETE:15000789', 'ZMP7', 'Mantenimiento y Reparacion de Vehiculos', '06-DEC-2019', 16, 46);
INSERT INTO Orders VALUES(47, 200312190, 'DESPACHO', 'LIMP/ELEC/FLUOROSOL', 'ZMP5', 'Mantenimiento de  maquinaria y equipo', '16-JUN-2017', 18, 47);
INSERT INTO Orders VALUES(48, 200315406, 'SERVICIO', 'NIPLE HG 1 1/4" X 4"', 'ZMP1', 'Mantenimiento de Instalaciones',  '09-AUG-2019', 17, 48);
INSERT INTO Orders VALUES(49, 200315737, 'DESPACHO', 'LUBCRICANTE PARA SEGUROS METALICOS PASO #40', 'ZMP3', 'Combustibles y lubricantes ', '20-FEB-2019', 33, 49);
INSERT INTO Orders VALUES(50, 200316940, 'DESPACHO', 'SENSOR:MAGNETICO;INDUCTIVO;ZFRI-001743', 'ZMP1', 'Mantenimiento de  maquinaria y equipo', '29-JAN-2019', 35, 50);

--- OrderItems
      
INSERT INTO OrderItems VALUES(1, 1480.00, 60.41, 10, 2, 12, 1);
INSERT INTO OrderItems VALUES(2, 82047.06, 3348.86, 1, 4, 18, 2);
INSERT INTO OrderItems VALUES(3, 2627.69, 107.25, 3, 8, 34, 3);
INSERT INTO OrderItems VALUES(4, 7461.76, 304.56, 2, 11, 41, 4);
INSERT INTO OrderItems VALUES(5, 31694.26, 1293.64, 1, 9, 15, 5);
INSERT INTO OrderItems VALUES(6, 3019.64, 123.25, 2, 7, 27, 6);
INSERT INTO OrderItems VALUES(7, 20500.00, 836.73, 1, 5, 11, 7);
INSERT INTO OrderItems VALUES(8, 2038.55, 83.21, 5, 16, 7, 8);
INSERT INTO OrderItems VALUES(9, 6159.53, 251.41, 4, 18, 33, 9);
INSERT INTO OrderItems VALUES(10, 13128.31, 535.85, 1, 19, 20, 10);
INSERT INTO OrderItems VALUES(11, 1630.93, 66.57, 2, 6, 9, 11);
INSERT INTO OrderItems VALUES(12, 6037.45, 246.43, 10, 17, 3, 12);
INSERT INTO OrderItems VALUES(13, 644.55, 26.31, 3, 15, 50, 13);
INSERT INTO OrderItems VALUES(14, 48940.92, 1997.59, 1, 3, 49, 14);
INSERT INTO OrderItems VALUES(15, 17208.9, 702.41, 1, 6, 21, 15);
INSERT INTO OrderItems VALUES(16, 65300.00, 2665.31, 2, 7, 10, 16);
INSERT INTO OrderItems VALUES(17, 2387.40, 97.44, 12, 12, 20, 17);
INSERT INTO OrderItems VALUES(18, 4405.19, 179.80, 10, 1, 38, 18);
INSERT INTO OrderItems VALUES(19, 53902.80, 2200.11, 1, 10, 24, 19);
INSERT INTO OrderItems VALUES(20, 39800.00, 1624.49, 3, 11, 47, 20);
INSERT INTO OrderItems VALUES(21, 2795.00, 114.08, 7, 14, 5, 21);
INSERT INTO OrderItems VALUES(22, 4809.65, 196.31, 9, 13, 12, 22);
INSERT INTO OrderItems VALUES(23, 10468.50, 427.29, 2, 8, 15, 23);
INSERT INTO OrderItems VALUES(24, 114710.18, 4682.05, 1, 20, 45, 24);
INSERT INTO OrderItems VALUES(25, 1951.46, 79.65, 10, 16, 44, 25);
INSERT INTO OrderItems VALUES(26, 16122.15, 658.05, 13, 17, 33, 26);
INSERT INTO OrderItems VALUES(27, 21068.98, 859.96, 1, 5, 2, 27);
INSERT INTO OrderItems VALUES(28, 1778.42, 72.59, 5, 15, 31, 28);
INSERT INTO OrderItems VALUES(29, 2475.00, 101.02, 6, 4, 31, 29);
INSERT INTO OrderItems VALUES(30, 8828.54, 360.35, 1, 9, 30, 30);
INSERT INTO OrderItems VALUES(31, 24470.46, 998.79, 13, 7, 10, 31);
INSERT INTO OrderItems VALUES(32, 18262.00, 745.39, 2, 9, 20, 32);
INSERT INTO OrderItems VALUES(33, 11835.48, 483.08, 12, 2, 22, 33);
INSERT INTO OrderItems VALUES(34, 14720.00, 600.82, 4, 12, 12, 34);
INSERT INTO OrderItems VALUES(35, 3396.60, 138.64, 8, 15, 29, 35);
INSERT INTO OrderItems VALUES(36, 1868.67, 76.27, 6, 19, 7, 36);
INSERT INTO OrderItems VALUES(37, 24357.65, 994.19, 16, 13, 23, 37);
INSERT INTO OrderItems VALUES(38, 65300.00, 2665.31, 1, 17, 13, 38);
INSERT INTO OrderItems VALUES(39, 4772.50, 194.80, 10, 3, 11, 39);
INSERT INTO OrderItems VALUES(40, 4478.40, 182.79, 2, 6, 37, 40);
INSERT INTO OrderItems VALUES(41, 30747.58, 1255.00, 3, 8, 28, 41);
INSERT INTO OrderItems VALUES(42, 10620.01, 433.47, 2, 18, 17, 42);
INSERT INTO OrderItems VALUES(43, 8343.73, 340.56, 4, 11, 8, 43);
INSERT INTO OrderItems VALUES(44, 3396.60, 138.64, 3, 10, 1, 44);
INSERT INTO OrderItems VALUES(45, 51198.00, 2089.71, 1, 20, 6, 45);
INSERT INTO OrderItems VALUES(46, 6607.43, 269.69, 1, 2, 46, 46);
INSERT INTO OrderItems VALUES(47, 65300.00, 2665.31, 1, 13, 35, 47);
INSERT INTO OrderItems VALUES(48, 11346.23, 463.11, 1, 15, 22, 48);
INSERT INTO OrderItems VALUES(49, 7759.85, 316.73, 5, 7, 19, 49);
INSERT INTO OrderItems VALUES(50, 8828.53, 360.35, 11, 9, 41, 50);

/*  
INSERT INTO OrderItems VALUES(1, 1480.00, 60.41, 10, 2, 12, 1);
INSERT INTO OrderItems VALUES(2, 82047.06, 3348.86, 1, 4, 18, 2);
INSERT INTO OrderItems VALUES(3, 2627.69, 107.25, 3, 8, 34, 3);
INSERT INTO OrderItems VALUES(4, 7461.76, 304.56, 2, 11, 41, 4);
INSERT INTO OrderItems VALUES(5, 31694.26, 1293.64, 1, 9, 15, 5);
INSERT INTO OrderItems VALUES(6, 3019.64, 123.25, 2, 7, 27, 6);
INSERT INTO OrderItems VALUES(7, 20500.00, 836.73, 1, 5, 11, 7);
INSERT INTO OrderItems VALUES(8, 2038.55, 83.21, 5, 16, 7, 8);
INSERT INTO OrderItems VALUES(9, 6159.53, 251.41, 4, 18, 33, 9);
INSERT INTO OrderItems VALUES(10, 13128.31, 535.85, 1, 19, 20, 10);
INSERT INTO OrderItems VALUES(11, 1630.93, 66.57, 2, 6, 9, 11);
INSERT INTO OrderItems VALUES(12, 6037.45, 246.43, 10, 17, 3, 12);
INSERT INTO OrderItems VALUES(13, 644.55, 26.31, 3, 15, 50, 13);
INSERT INTO OrderItems VALUES(14, 48940.92, 1997.59, 1, 3, 49, 14);
INSERT INTO OrderItems VALUES(15, 17208.9, 702.41, 1, 6, 21, 15);
INSERT INTO OrderItems VALUES(16, 65300.00, 2665.31, 2, 7, 19, 16);
INSERT INTO OrderItems VALUES(17, 2387.40, 97.44, 12, 12, 20, 17);
INSERT INTO OrderItems VALUES(18, 4405.19, 179.80, 10, 1, 38, 18);
INSERT INTO OrderItems VALUES(19, 53902.80, 2200.11, 1, 10, 24, 19);
INSERT INTO OrderItems VALUES(20, 39800.00, 1624.49, 3, 11, 47, 20);
INSERT INTO OrderItems VALUES(21, 2795.00, 114.08, 7, 14, 5, 21);
INSERT INTO OrderItems VALUES(22, 4809.65, 196.31, 9, 13, 8, 22);
INSERT INTO OrderItems VALUES(23, 10468.50, 427.29, 2, 8, 6, 23);
INSERT INTO OrderItems VALUES(24, 114710.18, 4682.05, 1, 20, 45, 24);
INSERT INTO OrderItems VALUES(25, 1951.46, 79.65, 10, 16, 44, 25);
INSERT INTO OrderItems VALUES(26, 16122.15, 658.05, 13, 17, 35, 26);
INSERT INTO OrderItems VALUES(27, 21068.98, 859.96, 1, 5, 2, 27);
INSERT INTO OrderItems VALUES(28, 1778.42, 72.59, 5, 15, 31, 28);
INSERT INTO OrderItems VALUES(29, 2475.00, 101.02, 6, 4, 32, 29);
INSERT INTO OrderItems VALUES(30, 8828.54, 360.35, 1, 9, 30, 30);
INSERT INTO OrderItems VALUES(31, 24470.46, 998.79, 13, 7, 13, 31);
INSERT INTO OrderItems VALUES(32, 18262.00, 745.39, 2, 9, 23, 32);
INSERT INTO OrderItems VALUES(33, 11835.48, 483.08, 12, 2, 22, 33);
INSERT INTO OrderItems VALUES(34, 14720.00, 600.82, 4, 12, 14, 34);
INSERT INTO OrderItems VALUES(35, 3396.60, 138.64, 8, 15, 29, 35);
INSERT INTO OrderItems VALUES(36, 1868.67, 76.27, 6, 19, 4, 36);
INSERT INTO OrderItems VALUES(37, 24357.65, 994.19, 16, 13, 25, 37);
INSERT INTO OrderItems VALUES(38, 65300.00, 2665.31, 1, 17, 16, 38);
INSERT INTO OrderItems VALUES(39, 4772.50, 194.80, 10, 3, 17, 39);
INSERT INTO OrderItems VALUES(40, 4478.40, 182.79, 2, 6, 37, 40);
INSERT INTO OrderItems VALUES(41, 30747.58, 1255.00, 3, 8, 28, 41);
INSERT INTO OrderItems VALUES(42, 10620.01, 433.47, 2, 18, 26, 42);
INSERT INTO OrderItems VALUES(43, 8343.73, 340.56, 4, 11, 36, 43);
INSERT INTO OrderItems VALUES(44, 3396.60, 138.64, 3, 10, 1, 44);
INSERT INTO OrderItems VALUES(45, 51198.00, 2089.71, 1, 39, 6, 45);
INSERT INTO OrderItems VALUES(46, 6607.43, 269.69, 1, 2, 46, 46);
INSERT INTO OrderItems VALUES(47, 65300.00, 2665.31, 1, 13, 40, 47);
INSERT INTO OrderItems VALUES(48, 11346.23, 463.11, 1, 15, 42, 48);
INSERT INTO OrderItems VALUES(49, 7759.85, 316.73, 5, 7, 43, 49);
INSERT INTO OrderItems VALUES(50, 8828.53, 360.35, 11, 9, 48, 50);
*/








